Juana Mckinney,199.748.161-81,82.216.311-5,female,juanamckinney@isoswitch.com,+55 (20) 99042-4381,1981-10-09,ECLIPSENT,3356.63,Dennett Place 226,Herbster,Montana,Tajikistan,1,2008-03-14
Zelma Jackson,016.876.527-67,76.836.036-1,female,zelmajackson@eclipsent.com,+55 (50) 93096-767,1965-02-27,OCTOCORE,3543.27,Branton Street 591,Edgar,Vermont,Switzerland,5,2009-05-24
Elsa Richard,722.564.018-63,62.941.632-4,female,elsarichard@octocore.com,+55 (44) 97443-3720,1940-01-12,YOGASM,3056.48,Harbor Lane 231,Condon,California,Faroe Islands,1,2009-05-25
Russell Burks,693.053.178-20,54.226.386-1,male,russellburks@yogasm.com,+55 (50) 99866-426,1944-08-21,APEXIA,3665.71,Fountain Avenue 385,Rosewood,Maryland,Qatar,5,2009-05-30
Laurel Avery,817.021.926-44,86.390.836-4,female,laurelavery@apexia.com,+55 (44) 99848-454,1952-06-25,CYTREX,3165.63,Johnson Street 642,Datil,Ohio,Bouvet Island,1,2009-03-24
Eaton Macdonald,787.550.341-87,44.715.723-2,male,eatonmacdonald@cytrex.com,+55 (38) 98324-3600,1985-07-03,EARGO,3872.29,Windsor Place 732,Cassel,Indiana,El Salvador,4,2008-07-30
Rosalie Robles,058.272.460-00,13.757.434-5,female,rosalierobles@eargo.com,+55 (22) 93247-999,1951-12-01,ZENSURE,3550.8,Bedford Avenue 965,Weeksville,North Dakota,Cameroon,4,2010-04-14



